{
  "corn": {
    "precision": 0.8848622626370687,
    "recall": 0.9266209214395743,
    "f1_score": 0.9052602777207743
  },
  "soybeans": {
    "precision": 0.9061563490024831,
    "recall": 0.8612467447916666,
    "f1_score": 0.8831309717528268
  }
}