{
  "corn": {
    "precision": 0.9955257270693513,
    "recall": 0.9970592354012043,
    "f1_score": 0.9962918911355209
  },
  "soybeans": {
    "precision": 0.9956854444806252,
    "recall": 0.995361328125,
    "f1_score": 0.9955233599218622
  }
}